{
  "best_epoch": 137,
  "best_val_mae": 0.5129030346870422,
  "test_loss": 0.35770419736703235,
  "test_mae": 0.6923667192459106,
  "test_rmse": 0.9268901959522096,
  "test_r2": 0.33179759979248047
}