{
  "best_epoch": 186,
  "best_val_mae": 0.41368567943573,
  "test_loss": 0.2150061825911204,
  "test_mae": 0.527573823928833,
  "test_rmse": 0.7443374813947679,
  "test_r2": 0.6361052989959717
}