{
  "best_epoch": 47,
  "best_val_mae": 0.7927829623222351,
  "test_loss": 0.4456784050715597,
  "test_metrics": {
    "mse": 1.2737339735031128,
    "mae": 0.7805973887443542,
    "rmse": 1.1285982338738232,
    "r2": 0.3020896911621094,
    "mape": 28.343631744384766,
    "max_error": 4.231811046600342,
    "median_ae": 0.515341579914093,
    "spearman": 0.6278460940368711,
    "pearson": 0.6453679203987122,
    "pearson_p": 3.1037930656437796e-10,
    "explained_variance": 0.412497878074646,
    "accuracy": 0.6710526315789473,
    "precision": 0.6691698228200775,
    "recall": 0.6738461538461538,
    "f1": 0.6642390289449113,
    "mean_true": -0.13323377072811127,
    "mean_pred": -0.5821242332458496,
    "std_true": 1.350950837135315,
    "std_pred": 0.9573224186897278,
    "loss": 0.4456784050715597
  },
  "total_epochs": 97,
  "training_time": "2025-12-30 12:19:01",
  "summary": {
    "best_val_mae": 0.7927829623222351,
    "test_mae": 0.7805973887443542,
    "test_rmse": 1.1285982338738232,
    "test_r2": 0.3020896911621094,
    "test_spearman": 0.6278460940368711,
    "test_pearson": 0.6453679203987122,
    "test_accuracy": 0.6710526315789473,
    "test_precision": 0.6691698228200775,
    "test_recall": 0.6738461538461538,
    "test_f1": 0.6642390289449113
  }
}