{
  "best_epoch": 11,
  "best_val_mae": 1.0373144149780273,
  "test_loss": 0.6729857451037357,
  "test_metrics": {
    "mse": 1.9619839191436768,
    "mae": 1.086256980895996,
    "rmse": 1.4007083633446602,
    "r2": -0.0750194787979126,
    "mape": 20.155847549438477,
    "max_error": 3.961075782775879,
    "median_ae": 0.7572633028030396,
    "spearman": 0.23151453233552804,
    "pearson": 0.31445184350013733,
    "pearson_p": 0.00566712795613999,
    "explained_variance": 0.09863132238388062,
    "accuracy": 0.39473684210526316,
    "precision": 0.4537037037037037,
    "recall": 0.38666666666666666,
    "f1": 0.2688247712878255,
    "mean_true": -0.13323377072811127,
    "mean_pred": -0.6961944699287415,
    "std_true": 1.350950837135315,
    "std_pred": 0.4461199641227722,
    "loss": 0.6729857451037357
  },
  "total_epochs": 61,
  "training_time": "2025-12-30 09:13:16",
  "summary": {
    "best_val_mae": 1.0373144149780273,
    "test_mae": 1.086256980895996,
    "test_rmse": 1.4007083633446602,
    "test_r2": -0.0750194787979126,
    "test_spearman": 0.23151453233552804,
    "test_pearson": 0.31445184350013733,
    "test_accuracy": 0.39473684210526316,
    "test_precision": 0.4537037037037037,
    "test_recall": 0.38666666666666666,
    "test_f1": 0.2688247712878255
  }
}