{
  "best_epoch": 155,
  "best_val_mae": 0.4335177540779114,
  "test_loss": 0.2665375953442172,
  "test_metrics": {
    "mse": 0.636823832988739,
    "mae": 0.5520084500312805,
    "rmse": 0.7980124265879192,
    "r2": 0.6510684490203857,
    "mape": 14.671557426452637,
    "max_error": 2.6790173053741455,
    "median_ae": 0.3607773780822754,
    "spearman": 0.8432982222871234,
    "pearson": 0.8252356648445129,
    "pearson_p": 4.855078378142954e-20,
    "explained_variance": 0.6793466806411743,
    "accuracy": 0.7105263157894737,
    "precision": 0.7180124223602485,
    "recall": 0.7117948717948718,
    "f1": 0.7141975308641975,
    "mean_true": -0.13323377072811127,
    "mean_pred": -0.3604114055633545,
    "std_true": 1.350950837135315,
    "std_pred": 1.1700209379196167,
    "loss": 0.2665375953442172
  },
  "total_epochs": 225,
  "training_time": "2025-12-30 17:04:24",
  "summary": {
    "best_val_mae": 0.4335177540779114,
    "test_mae": 0.5520084500312805,
    "test_rmse": 0.7980124265879192,
    "test_r2": 0.6510684490203857,
    "test_spearman": 0.8432982222871234,
    "test_pearson": 0.8252356648445129,
    "test_accuracy": 0.7105263157894737,
    "test_precision": 0.7180124223602485,
    "test_recall": 0.7117948717948718,
    "test_f1": 0.7141975308641975
  }
}