{
  "best_epoch": 202,
  "best_val_mae": 0.4096745550632477,
  "test_loss": 0.23406656980514526,
  "test_mae": 0.518700897693634,
  "test_rmse": 0.7597372250777391,
  "test_r2": 0.5673885345458984
}