{
  "best_epoch": 44,
  "best_val_mae": 1.0412737131118774,
  "test_loss": 0.6905368566513062,
  "test_mae": 1.1007726192474365,
  "test_rmse": 1.3780585863368469,
  "test_r2": -1099612358180864.0
}