{
  "best_epoch": 199,
  "best_val_mae": 0.829147219657898,
  "test_loss": 0.5266015133575389,
  "test_metrics": {
    "mse": 1.450640082359314,
    "mae": 0.8928929567337036,
    "rmse": 1.2044252082878846,
    "r2": 0.20515847206115723,
    "mape": 18.21828842163086,
    "max_error": 4.2773942947387695,
    "median_ae": 0.6349276304244995,
    "spearman": 0.5156633424872791,
    "pearson": 0.4985465705394745,
    "pearson_p": 4.577456396394558e-06,
    "explained_variance": 0.24200952053070068,
    "accuracy": 0.4473684210526316,
    "precision": 0.6370766488413547,
    "recall": 0.44256410256410256,
    "f1": 0.4076506720184881,
    "mean_true": -0.13323377072811127,
    "mean_pred": -0.3925709128379822,
    "std_true": 1.350950837135315,
    "std_pred": 0.7827556133270264,
    "loss": 0.5266015133575389
  },
  "total_epochs": 200,
  "training_time": "2025-12-30 11:33:48",
  "summary": {
    "best_val_mae": 0.829147219657898,
    "test_mae": 0.8928929567337036,
    "test_rmse": 1.2044252082878846,
    "test_r2": 0.20515847206115723,
    "test_spearman": 0.5156633424872791,
    "test_pearson": 0.4985465705394745,
    "test_accuracy": 0.4473684210526316,
    "test_precision": 0.6370766488413547,
    "test_recall": 0.44256410256410256,
    "test_f1": 0.4076506720184881
  }
}