{
  "best_epoch": 90,
  "best_val_mae": 0.4745512306690216,
  "test_loss": 0.3081504851579666,
  "test_mae": 0.6224083304405212,
  "test_rmse": 0.8292628334738321,
  "test_r2": 0.5582587122917175
}