{
  "best_epoch": 100,
  "best_val_mae": 0.9385637044906616,
  "test_loss": 0.6614852014340853,
  "test_metrics": {
    "mse": 1.9812504053115845,
    "mae": 1.0260130167007446,
    "rmse": 1.407568970001678,
    "r2": -0.08557605743408203,
    "mape": 17.750391006469727,
    "max_error": 4.140411853790283,
    "median_ae": 0.6170454025268555,
    "spearman": 0.25605446460198134,
    "pearson": 0.2882796823978424,
    "pearson_p": 0.01155757618506867,
    "explained_variance": 0.06834185123443604,
    "accuracy": 0.40789473684210525,
    "precision": 0.40648723257418906,
    "recall": 0.4005128205128205,
    "f1": 0.30043859649122806,
    "mean_true": -0.13323377072811127,
    "mean_pred": -0.6632440090179443,
    "std_true": 1.350950837135315,
    "std_pred": 0.5535986423492432,
    "loss": 0.6614852014340853
  },
  "total_epochs": 150,
  "training_time": "2025-12-30 11:47:16",
  "summary": {
    "best_val_mae": 0.9385637044906616,
    "test_mae": 1.0260130167007446,
    "test_rmse": 1.407568970001678,
    "test_r2": -0.08557605743408203,
    "test_spearman": 0.25605446460198134,
    "test_pearson": 0.2882796823978424,
    "test_accuracy": 0.40789473684210525,
    "test_precision": 0.40648723257418906,
    "test_recall": 0.4005128205128205,
    "test_f1": 0.30043859649122806
  }
}