{
  "model_type": "bigru",
  "feature_type": "onehot",
  "best_mae": 0.8658356070518494,
  "best_trial": 29,
  "best_params": {
    "optimizer": "adam",
    "lr": 0.0052106299966895395,
    "dropout": 0.4286759242013711,
    "weight_decay": 0.0002290305773872027,
    "batch_size": 16,
    "hidden_dim": 32,
    "num_layers": 2
  },
  "n_trials": 30,
  "timestamp": "20260401_183005"
}