{
  "model_type": "bilstm",
  "feature_type": "onehot",
  "best_mae": 0.7794051766395569,
  "best_trial": 27,
  "best_params": {
    "optimizer": "adam",
    "lr": 0.008157230505460659,
    "dropout": 0.43309956893239115,
    "weight_decay": 2.312063049348995e-05,
    "batch_size": 4,
    "hidden_dim": 32,
    "num_layers": 1
  },
  "n_trials": 30,
  "timestamp": "20260402_170534"
}