{
  "model_type": "cnn",
  "feature_type": "onehot",
  "best_mae": 0.6675360202789307,
  "best_trial": 15,
  "best_params": {
    "optimizer": "adamw",
    "lr": 0.0020811570666715265,
    "dropout": 0.17053496501215026,
    "weight_decay": 0.0010789536132218887,
    "batch_size": 32,
    "num_conv_layers": 3,
    "conv_ch1": 36,
    "kernel_size1": 3,
    "conv_ch2": 73,
    "kernel_size2": 5,
    "conv_ch3": 73,
    "kernel_size3": 3
  },
  "n_trials": 30,
  "timestamp": "20260401_102856"
}