{
  "model_type": "cnn",
  "feature_type": "embedding",
  "best_mae": 0.35930806398391724,
  "best_trial": 45,
  "best_params": {
    "optimizer": "adamw",
    "lr": 0.0008173077480429938,
    "dropout": 0.1803673277605986,
    "weight_decay": 3.302008646676289e-05,
    "embedding_dim": 256,
    "batch_size": 32,
    "num_conv_layers": 4,
    "conv_ch1": 84,
    "kernel_size1": 7,
    "conv_ch2": 91,
    "kernel_size2": 9,
    "conv_ch3": 140,
    "kernel_size3": 3,
    "conv_ch4": 191,
    "kernel_size4": 5
  },
  "n_trials": 50,
  "timestamp": "20251231_122925"
}