{
  "model_type": "bigru",
  "feature_type": "embedding",
  "best_mae": 0.5099232196807861,
  "best_trial": 49,
  "best_params": {
    "optimizer": "adamw",
    "lr": 0.0009452662777289725,
    "dropout": 0.1845624922411599,
    "weight_decay": 5.0411589643172534e-05,
    "embedding_dim": 64,
    "batch_size": 4,
    "hidden_dim": 96,
    "num_layers": 2
  },
  "n_trials": 50,
  "timestamp": "20260401_110737"
}