{
  "model_type": "cnn_bilstm",
  "feature_type": "embedding",
  "best_mae": 0.40391480922698975,
  "best_trial": 33,
  "best_params": {
    "optimizer": "adamw",
    "lr": 0.0006737397488778617,
    "dropout": 0.12075525476830205,
    "weight_decay": 2.045137314101616e-05,
    "embedding_dim": 256,
    "batch_size": 16,
    "num_conv_layers": 3,
    "conv_ch1": 68,
    "kernel_size1": 5,
    "conv_ch2": 84,
    "kernel_size2": 5,
    "conv_ch3": 115,
    "kernel_size3": 5,
    "lstm_hidden_dim": 64,
    "lstm_num_layers": 2
  },
  "n_trials": 50,
  "timestamp": "20251231_171524"
}