{
  "model_type": "cnn_bilstm",
  "feature_type": "embedding",
  "best_mae": 0.34743988513946533,
  "best_trial": 12,
  "best_params": {
    "optimizer": "adam",
    "lr": 0.0010924465197599516,
    "dropout": 0.1509394566981645,
    "weight_decay": 9.615690048612084e-05,
    "embedding_dim": 64,
    "batch_size": 32,
    "num_conv_layers": 2,
    "conv_ch1": 94,
    "kernel_size1": 7,
    "conv_ch2": 124,
    "kernel_size2": 7,
    "lstm_hidden_dim": 96,
    "lstm_num_layers": 2
  },
  "n_trials": 50,
  "timestamp": "20260331_204254"
}