{
  "model_type": "bigru",
  "feature_type": "embedding",
  "best_mae": 0.4155474007129669,
  "best_trial": 29,
  "best_params": {
    "optimizer": "adam",
    "lr": 0.0026511832199634495,
    "dropout": 0.167091668474896,
    "weight_decay": 5.524924849076008e-05,
    "embedding_dim": 256,
    "batch_size": 8,
    "hidden_dim": 96,
    "num_layers": 2
  },
  "n_trials": 50,
  "timestamp": "20251231_141048"
}