{
  "model_type": "gru",
  "feature_type": "embedding",
  "best_mae": 0.4485762417316437,
  "best_trial": 31,
  "best_params": {
    "optimizer": "adamw",
    "lr": 0.003944193752279802,
    "dropout": 0.15803191017252297,
    "weight_decay": 6.087092852241214e-05,
    "embedding_dim": 128,
    "batch_size": 8,
    "hidden_dim": 96,
    "num_layers": 2
  },
  "n_trials": 50,
  "timestamp": "20260113_154739"
}