{
  "model_type": "cnn",
  "feature_type": "embedding",
  "best_mae": 0.3599965274333954,
  "best_trial": 42,
  "best_params": {
    "optimizer": "adam",
    "lr": 0.003958324061609601,
    "dropout": 0.19272077704049598,
    "weight_decay": 5.0504306696234655e-05,
    "embedding_dim": 64,
    "batch_size": 32,
    "num_conv_layers": 2,
    "conv_ch1": 119,
    "kernel_size1": 5,
    "conv_ch2": 222,
    "kernel_size2": 5
  },
  "n_trials": 50,
  "timestamp": "20260401_095521"
}