{
  "model_type": "gru",
  "feature_type": "onehot",
  "best_mae": 0.9644039869308472,
  "best_trial": 7,
  "best_params": {
    "optimizer": "adam",
    "lr": 1.0254453580962817e-05,
    "dropout": 0.05343952296999288,
    "weight_decay": 0.0016634174964093925,
    "batch_size": 4,
    "hidden_dim": 32,
    "num_layers": 3
  },
  "n_trials": 30,
  "timestamp": "20260402_110109"
}