{
  "model_type": "gru",
  "optimizer": "adam",
  "lr": 1.0254453580962817e-05,
  "dropout": 0.05343952296999288,
  "weight_decay": 0.0016634174964093925,
  "batch_size": 4,
  "hidden_dim": 32,
  "num_layers": 3
}