{
  "model_type": "rnn",
  "feature_type": "onehot",
  "best_mae": 0.9511581063270569,
  "best_trial": 0,
  "best_params": {
    "optimizer": "adamw",
    "lr": 0.005100627805979914,
    "dropout": 0.3792621663083701,
    "weight_decay": 4.2079886696066345e-06,
    "batch_size": 16,
    "hidden_dim": 96,
    "num_layers": 1
  },
  "n_trials": 30,
  "timestamp": "20260402_230447"
}